{
  "120.0": {
    "exp+1": 0.47803810238838196,
    "exp+2": 0.6345392465591431,
    "exp-1": 0.24813102185726166,
    "exp-2": 0.18544578552246094,
    "exp0": 0.3427734375,
    "obs": 0.3433299519375225
  }
}